Symbol,Quantity,Price,Action,Description,TradeDate,SettledDate,Interest,Amount,Commission,Fee,CUSIP,RecordType
AAPL,50,185.20,BUY,APPLE INC,2026-01-06,2026-01-08,0,-9260.00,0,0.12,037833100,Trade
NVDA,20,920.50,BUY,NVIDIA CORP,2026-01-07,2026-01-09,0,-18410.00,0,0.18,67066G104,Trade
AAPL,-30,191.40,SELL,APPLE INC,2026-01-10,2026-01-14,0,5742.00,0,0.10,037833100,Trade
TSLA,15,245.00,BUY,TESLA INC,2026-01-13,2026-01-15,0,-3675.00,0,0.08,88160R101,Trade
NVDA,-20,880.00,SELL,NVIDIA CORP,2026-01-15,2026-01-17,0,17600.00,0,0.16,67066G104,Trade
TSLA,-15,228.50,SELL,TESLA INC,2026-01-17,2026-01-22,0,3427.50,0,0.08,88160R101,Trade
MSFT,25,415.00,BUY,MICROSOFT CORP,2026-01-21,2026-01-23,0,-10375.00,0,0.11,594918104,Trade
AAPL,-20,188.10,SELL,APPLE INC,2026-01-24,2026-01-28,0,3762.00,0,0.09,037833100,Trade
AMD,40,142.30,BUY,ADVANCED MICRO DEVICES,2026-01-27,2026-01-29,0,-5692.00,0,0.10,007903107,Trade
AMD,-40,136.80,SELL,ADVANCED MICRO DEVICES,2026-01-29,2026-01-31,0,5472.00,0,0.10,007903107,Trade
,,,,FEDERATED HERMES GOVT OBLIGATIONS,,2026-01-31,,1.25,1.25,0,0,,Financial
