成交时间,代码名称,方向,数量,价格,币种,成交金额,总费用,变动金额,交收日期,市场,品类
2026-01-03 21:35:12,AAPL.US,买入,40,184.50,USD,7380.00,1.99,-7381.99,2026-01-07,US,证券
2026-01-06 22:10:05,0700.HK,买入,100,380.00,HKD,38000.00,45.20,-38045.20,2026-01-08,HK,证券
2026-01-08 23:02:41,NVDA.US,买入,10,905.00,USD,9050.00,1.99,-9051.99,2026-01-10,US,证券
2026-01-10 21:48:19,AAPL.US,卖出,40,189.20,USD,7568.00,1.99,7566.01,2026-01-14,US,证券
2026-01-14 10:18:33,0700.HK,卖出,100,368.40,HKD,36840.00,43.80,36796.20,2026-01-16,HK,证券
2026-01-16 22:55:08,TSLA.US,买入,12,250.00,USD,3000.00,1.99,-3001.99,2026-01-21,US,证券
2026-01-20 23:12:47,NVDA.US,卖出,10,870.00,USD,8700.00,1.99,8698.01,2026-01-22,US,证券
2026-01-22 21:05:11,META.US,买入,8,520.00,USD,4160.00,1.99,-4161.99,2026-01-24,US,证券
2026-01-27 22:40:03,TSLA.US,卖出,12,236.00,USD,2832.00,1.99,2830.01,2026-01-29,US,证券
2026-01-29 23:18:55,META.US,卖出,8,505.50,USD,4044.00,1.99,4042.01,2026-01-31,US,证券
